[Data],,,
Sample_Name,Sample_ID,index,index2
A01F01,A01F01,GTAGGATAAG,CTCGATGGAG
A02F01,A02F01,CGTCGAGCGC,CTCGATGGAG
A03F01,A03F01,ACTATTCATT,CTCGATGGAG
A04F01,A04F01,TTGCTTAGAT,CTCGATGGAG
A05F01,A05F01,CGAATGGAGC,CTCGATGGAG
A06F01,A06F01,CTATATAGCC,CTCGATGGAG
A07F01,A07F01,CTACTAATAA,CTCGATGGAG
A08F01,A08F01,TGGTTGCCGT,CTCGATGGAG
A09F01,A09F01,TCCTCTGCCG,CTCGATGGAG
A10F01,A10F01,GATTCTTGAA,CTCGATGGAG
A11F01,A11F01,GTAGCAGCTA,CTCGATGGAG
A12F01,A12F01,CCTCAGCTCC,CTCGATGGAG
B01F01,B01F01,GTAGGATAAG,CGACTACCAA
B02F01,B02F01,CGTCGAGCGC,CGACTACCAA
B03F01,B03F01,ACTATTCATT,CGACTACCAA
B04F01,B04F01,TTGCTTAGAT,CGACTACCAA
B05F01,B05F01,CGAATGGAGC,CGACTACCAA
B06F01,B06F01,CTATATAGCC,CGACTACCAA
B07F01,B07F01,CTACTAATAA,CGACTACCAA
B08F01,B08F01,TGGTTGCCGT,CGACTACCAA
B09F01,B09F01,TCCTCTGCCG,CGACTACCAA
B10F01,B10F01,GATTCTTGAA,CGACTACCAA
B11F01,B11F01,GTAGCAGCTA,CGACTACCAA
B12F01,B12F01,CCTCAGCTCC,CGACTACCAA
C01F01,C01F01,GTAGGATAAG,GTTGACGGCC
C02F01,C02F01,CGTCGAGCGC,GTTGACGGCC
C03F01,C03F01,ACTATTCATT,GTTGACGGCC
C04F01,C04F01,TTGCTTAGAT,GTTGACGGCC
C05F01,C05F01,CGAATGGAGC,GTTGACGGCC
C06F01,C06F01,CTATATAGCC,GTTGACGGCC
C07F01,C07F01,CTACTAATAA,GTTGACGGCC
C08F01,C08F01,TGGTTGCCGT,GTTGACGGCC
C09F01,C09F01,TCCTCTGCCG,GTTGACGGCC
C10F01,C10F01,GATTCTTGAA,GTTGACGGCC
C11F01,C11F01,GTAGCAGCTA,GTTGACGGCC
C12F01,C12F01,CCTCAGCTCC,GTTGACGGCC
D01F01,D01F01,GTAGGATAAG,CTCGTCTAGG
D02F01,D02F01,CGTCGAGCGC,CTCGTCTAGG
D03F01,D03F01,ACTATTCATT,CTCGTCTAGG
D04F01,D04F01,TTGCTTAGAT,CTCGTCTAGG
D05F01,D05F01,CGAATGGAGC,CTCGTCTAGG
D06F01,D06F01,CTATATAGCC,CTCGTCTAGG
D07F01,D07F01,CTACTAATAA,CTCGTCTAGG
D08F01,D08F01,TGGTTGCCGT,CTCGTCTAGG
D09F01,D09F01,TCCTCTGCCG,CTCGTCTAGG
D10F01,D10F01,GATTCTTGAA,CTCGTCTAGG
D11F01,D11F01,GTAGCAGCTA,CTCGTCTAGG
D12F01,D12F01,CCTCAGCTCC,CTCGTCTAGG
E01F01,E01F01,GTAGGATAAG,GCTCTAACGA
E02F01,E02F01,CGTCGAGCGC,GCTCTAACGA
E03F01,E03F01,ACTATTCATT,GCTCTAACGA
E04F01,E04F01,TTGCTTAGAT,GCTCTAACGA
E05F01,E05F01,CGAATGGAGC,GCTCTAACGA
E06F01,E06F01,CTATATAGCC,GCTCTAACGA
E07F01,E07F01,CTACTAATAA,GCTCTAACGA
E08F01,E08F01,TGGTTGCCGT,GCTCTAACGA
E09F01,E09F01,TCCTCTGCCG,GCTCTAACGA
E10F01,E10F01,GATTCTTGAA,GCTCTAACGA
E11F01,E11F01,GTAGCAGCTA,GCTCTAACGA
E12F01,E12F01,CCTCAGCTCC,GCTCTAACGA
F01F01,F01F01,GTAGGATAAG,TGATAGAACG
F02F01,F02F01,CGTCGAGCGC,TGATAGAACG
F03F01,F03F01,ACTATTCATT,TGATAGAACG
F04F01,F04F01,TTGCTTAGAT,TGATAGAACG
F05F01,F05F01,CGAATGGAGC,TGATAGAACG
F06F01,F06F01,CTATATAGCC,TGATAGAACG
F07F01,F07F01,CTACTAATAA,TGATAGAACG
F08F01,F08F01,TGGTTGCCGT,TGATAGAACG
F09F01,F09F01,TCCTCTGCCG,TGATAGAACG
F10F01,F10F01,GATTCTTGAA,TGATAGAACG
F11F01,F11F01,GTAGCAGCTA,TGATAGAACG
F12F01,F12F01,CCTCAGCTCC,TGATAGAACG
G01F01,G01F01,GTAGGATAAG,TTAGATTCCG
G02F01,G02F01,CGTCGAGCGC,TTAGATTCCG
G03F01,G03F01,ACTATTCATT,TTAGATTCCG
G04F01,G04F01,TTGCTTAGAT,TTAGATTCCG
G05F01,G05F01,CGAATGGAGC,TTAGATTCCG
G06F01,G06F01,CTATATAGCC,TTAGATTCCG
G07F01,G07F01,CTACTAATAA,TTAGATTCCG
G08F01,G08F01,TGGTTGCCGT,TTAGATTCCG
G09F01,G09F01,TCCTCTGCCG,TTAGATTCCG
G10F01,G10F01,GATTCTTGAA,TTAGATTCCG
G11F01,G11F01,GTAGCAGCTA,TTAGATTCCG
G12F01,G12F01,CCTCAGCTCC,TTAGATTCCG
H01F01,H01F01,GTAGGATAAG,GATCAGTCAT
H02F01,H02F01,CGTCGAGCGC,GATCAGTCAT
H03F01,H03F01,ACTATTCATT,GATCAGTCAT
H04F01,H04F01,TTGCTTAGAT,GATCAGTCAT
H05F01,H05F01,CGAATGGAGC,GATCAGTCAT
H06F01,H06F01,CTATATAGCC,GATCAGTCAT
H07F01,H07F01,CTACTAATAA,GATCAGTCAT
H08F01,H08F01,TGGTTGCCGT,GATCAGTCAT
H09F01,H09F01,TCCTCTGCCG,GATCAGTCAT
H10F01,H10F01,GATTCTTGAA,GATCAGTCAT
H11F01,H11F01,GTAGCAGCTA,GATCAGTCAT
H12F01,H12F01,CCTCAGCTCC,GATCAGTCAT
A01F02,A01F02,GTAGGATAAG,TCGATATTGA
A02F02,A02F02,CGTCGAGCGC,TCGATATTGA
A03F02,A03F02,ACTATTCATT,TCGATATTGA
A04F02,A04F02,TTGCTTAGAT,TCGATATTGA
A05F02,A05F02,CGAATGGAGC,TCGATATTGA
A06F02,A06F02,CTATATAGCC,TCGATATTGA
A07F02,A07F02,CTACTAATAA,TCGATATTGA
A08F02,A08F02,TGGTTGCCGT,TCGATATTGA
A09F02,A09F02,TCCTCTGCCG,TCGATATTGA
A10F02,A10F02,GATTCTTGAA,TCGATATTGA
A11F02,A11F02,GTAGCAGCTA,TCGATATTGA
A12F02,A12F02,CCTCAGCTCC,TCGATATTGA
B01F02,B01F02,GTAGGATAAG,CCAGGTCTAC
B02F02,B02F02,CGTCGAGCGC,CCAGGTCTAC
B03F02,B03F02,ACTATTCATT,CCAGGTCTAC
B04F02,B04F02,TTGCTTAGAT,CCAGGTCTAC
B05F02,B05F02,CGAATGGAGC,CCAGGTCTAC
B06F02,B06F02,CTATATAGCC,CCAGGTCTAC
B07F02,B07F02,CTACTAATAA,CCAGGTCTAC
B08F02,B08F02,TGGTTGCCGT,CCAGGTCTAC
B09F02,B09F02,TCCTCTGCCG,CCAGGTCTAC
B10F02,B10F02,GATTCTTGAA,CCAGGTCTAC
B11F02,B11F02,GTAGCAGCTA,CCAGGTCTAC
B12F02,B12F02,CCTCAGCTCC,CCAGGTCTAC
C01F02,C01F02,GTAGGATAAG,TTGGTCATAA
C02F02,C02F02,CGTCGAGCGC,TTGGTCATAA
C03F02,C03F02,ACTATTCATT,TTGGTCATAA
C04F02,C04F02,TTGCTTAGAT,TTGGTCATAA
C05F02,C05F02,CGAATGGAGC,TTGGTCATAA
C06F02,C06F02,CTATATAGCC,TTGGTCATAA
C07F02,C07F02,CTACTAATAA,TTGGTCATAA
C08F02,C08F02,TGGTTGCCGT,TTGGTCATAA
C09F02,C09F02,TCCTCTGCCG,TTGGTCATAA
C10F02,C10F02,GATTCTTGAA,TTGGTCATAA
C11F02,C11F02,GTAGCAGCTA,TTGGTCATAA
C12F02,C12F02,CCTCAGCTCC,TTGGTCATAA
D01F02,D01F02,GTAGGATAAG,AACGGACCAA
D02F02,D02F02,CGTCGAGCGC,AACGGACCAA
D03F02,D03F02,ACTATTCATT,AACGGACCAA
D04F02,D04F02,TTGCTTAGAT,AACGGACCAA
D05F02,D05F02,CGAATGGAGC,AACGGACCAA
D06F02,D06F02,CTATATAGCC,AACGGACCAA
D07F02,D07F02,CTACTAATAA,AACGGACCAA
D08F02,D08F02,TGGTTGCCGT,AACGGACCAA
D09F02,D09F02,TCCTCTGCCG,AACGGACCAA
D10F02,D10F02,GATTCTTGAA,AACGGACCAA
D11F02,D11F02,GTAGCAGCTA,AACGGACCAA
D12F02,D12F02,CCTCAGCTCC,AACGGACCAA
E01F02,E01F02,GTAGGATAAG,TTAACGTACC
E02F02,E02F02,CGTCGAGCGC,TTAACGTACC
E03F02,E03F02,ACTATTCATT,TTAACGTACC
E04F02,E04F02,TTGCTTAGAT,TTAACGTACC
E05F02,E05F02,CGAATGGAGC,TTAACGTACC
E06F02,E06F02,CTATATAGCC,TTAACGTACC
E07F02,E07F02,CTACTAATAA,TTAACGTACC
E08F02,E08F02,TGGTTGCCGT,TTAACGTACC
E09F02,E09F02,TCCTCTGCCG,TTAACGTACC
E10F02,E10F02,GATTCTTGAA,TTAACGTACC
E11F02,E11F02,GTAGCAGCTA,TTAACGTACC
E12F02,E12F02,CCTCAGCTCC,TTAACGTACC
F01F02,F01F02,GTAGGATAAG,GGACTCATTG
F02F02,F02F02,CGTCGAGCGC,GGACTCATTG
F03F02,F03F02,ACTATTCATT,GGACTCATTG
F04F02,F04F02,TTGCTTAGAT,GGACTCATTG
F05F02,F05F02,CGAATGGAGC,GGACTCATTG
F06F02,F06F02,CTATATAGCC,GGACTCATTG
F07F02,F07F02,CTACTAATAA,GGACTCATTG
F08F02,F08F02,TGGTTGCCGT,GGACTCATTG
F09F02,F09F02,TCCTCTGCCG,GGACTCATTG
F10F02,F10F02,GATTCTTGAA,GGACTCATTG
F11F02,F11F02,GTAGCAGCTA,GGACTCATTG
F12F02,F12F02,CCTCAGCTCC,GGACTCATTG
G01F02,G01F02,GTAGGATAAG,GAACTGCATC
G02F02,G02F02,CGTCGAGCGC,GAACTGCATC
G03F02,G03F02,ACTATTCATT,GAACTGCATC
G04F02,G04F02,TTGCTTAGAT,GAACTGCATC
G05F02,G05F02,CGAATGGAGC,GAACTGCATC
G06F02,G06F02,CTATATAGCC,GAACTGCATC
G07F02,G07F02,CTACTAATAA,GAACTGCATC
G08F02,G08F02,TGGTTGCCGT,GAACTGCATC
G09F02,G09F02,TCCTCTGCCG,GAACTGCATC
G10F02,G10F02,GATTCTTGAA,GAACTGCATC
G11F02,G11F02,GTAGCAGCTA,GAACTGCATC
G12F02,G12F02,CCTCAGCTCC,GAACTGCATC
H01F02,H01F02,GTAGGATAAG,GGAACGATGG
H02F02,H02F02,CGTCGAGCGC,GGAACGATGG
H03F02,H03F02,ACTATTCATT,GGAACGATGG
H04F02,H04F02,TTGCTTAGAT,GGAACGATGG
H05F02,H05F02,CGAATGGAGC,GGAACGATGG
H06F02,H06F02,CTATATAGCC,GGAACGATGG
H07F02,H07F02,CTACTAATAA,GGAACGATGG
H08F02,H08F02,TGGTTGCCGT,GGAACGATGG
H09F02,H09F02,TCCTCTGCCG,GGAACGATGG
H10F02,H10F02,GATTCTTGAA,GGAACGATGG
H11F02,H11F02,GTAGCAGCTA,GGAACGATGG
H12F02,H12F02,CCTCAGCTCC,GGAACGATGG
A01F03,A01F03,GTAGGATAAG,ACTCTCTCAA
A02F03,A02F03,CGTCGAGCGC,ACTCTCTCAA
A03F03,A03F03,ACTATTCATT,ACTCTCTCAA
A04F03,A04F03,TTGCTTAGAT,ACTCTCTCAA
A05F03,A05F03,CGAATGGAGC,ACTCTCTCAA
A06F03,A06F03,CTATATAGCC,ACTCTCTCAA
A07F03,A07F03,CTACTAATAA,ACTCTCTCAA
A08F03,A08F03,TGGTTGCCGT,ACTCTCTCAA
A09F03,A09F03,TCCTCTGCCG,ACTCTCTCAA
A10F03,A10F03,GATTCTTGAA,ACTCTCTCAA
A11F03,A11F03,GTAGCAGCTA,ACTCTCTCAA
A12F03,A12F03,CCTCAGCTCC,ACTCTCTCAA
B01F03,B01F03,GTAGGATAAG,GTCGCTCAGT
B02F03,B02F03,CGTCGAGCGC,GTCGCTCAGT
B03F03,B03F03,ACTATTCATT,GTCGCTCAGT
B04F03,B04F03,TTGCTTAGAT,GTCGCTCAGT
B05F03,B05F03,CGAATGGAGC,GTCGCTCAGT
B06F03,B06F03,CTATATAGCC,GTCGCTCAGT
B07F03,B07F03,CTACTAATAA,GTCGCTCAGT
B08F03,B08F03,TGGTTGCCGT,GTCGCTCAGT
B09F03,B09F03,TCCTCTGCCG,GTCGCTCAGT
B10F03,B10F03,GATTCTTGAA,GTCGCTCAGT
B11F03,B11F03,GTAGCAGCTA,GTCGCTCAGT
B12F03,B12F03,CCTCAGCTCC,GTCGCTCAGT
C01F03,C01F03,GTAGGATAAG,TGATTCCTCA
C02F03,C02F03,CGTCGAGCGC,TGATTCCTCA
C03F03,C03F03,ACTATTCATT,TGATTCCTCA
C04F03,C04F03,TTGCTTAGAT,TGATTCCTCA
C05F03,C05F03,CGAATGGAGC,TGATTCCTCA
C06F03,C06F03,CTATATAGCC,TGATTCCTCA
C07F03,C07F03,CTACTAATAA,TGATTCCTCA
C08F03,C08F03,TGGTTGCCGT,TGATTCCTCA
C09F03,C09F03,TCCTCTGCCG,TGATTCCTCA
C10F03,C10F03,GATTCTTGAA,TGATTCCTCA
C11F03,C11F03,GTAGCAGCTA,TGATTCCTCA
C12F03,C12F03,CCTCAGCTCC,TGATTCCTCA
D01F03,D01F03,GTAGGATAAG,CCGTCGGAGG
D02F03,D02F03,CGTCGAGCGC,CCGTCGGAGG
D03F03,D03F03,ACTATTCATT,CCGTCGGAGG
D04F03,D04F03,TTGCTTAGAT,CCGTCGGAGG
D05F03,D05F03,CGAATGGAGC,CCGTCGGAGG
D06F03,D06F03,CTATATAGCC,CCGTCGGAGG
D07F03,D07F03,CTACTAATAA,CCGTCGGAGG
D08F03,D08F03,TGGTTGCCGT,CCGTCGGAGG
D09F03,D09F03,TCCTCTGCCG,CCGTCGGAGG
D10F03,D10F03,GATTCTTGAA,CCGTCGGAGG
D11F03,D11F03,GTAGCAGCTA,CCGTCGGAGG
D12F03,D12F03,CCTCAGCTCC,CCGTCGGAGG
E01F03,E01F03,GTAGGATAAG,AGCGTCAATG
E02F03,E02F03,CGTCGAGCGC,AGCGTCAATG
E03F03,E03F03,ACTATTCATT,AGCGTCAATG
E04F03,E04F03,TTGCTTAGAT,AGCGTCAATG
E05F03,E05F03,CGAATGGAGC,AGCGTCAATG
E06F03,E06F03,CTATATAGCC,AGCGTCAATG
E07F03,E07F03,CTACTAATAA,AGCGTCAATG
E08F03,E08F03,TGGTTGCCGT,AGCGTCAATG
E09F03,E09F03,TCCTCTGCCG,AGCGTCAATG
E10F03,E10F03,GATTCTTGAA,AGCGTCAATG
E11F03,E11F03,GTAGCAGCTA,AGCGTCAATG
E12F03,E12F03,CCTCAGCTCC,AGCGTCAATG
F01F03,F01F03,GTAGGATAAG,CGAAGGACGA
F02F03,F02F03,CGTCGAGCGC,CGAAGGACGA
F03F03,F03F03,ACTATTCATT,CGAAGGACGA
F04F03,F04F03,TTGCTTAGAT,CGAAGGACGA
F05F03,F05F03,CGAATGGAGC,CGAAGGACGA
F06F03,F06F03,CTATATAGCC,CGAAGGACGA
F07F03,F07F03,CTACTAATAA,CGAAGGACGA
F08F03,F08F03,TGGTTGCCGT,CGAAGGACGA
F09F03,F09F03,TCCTCTGCCG,CGAAGGACGA
F10F03,F10F03,GATTCTTGAA,CGAAGGACGA
F11F03,F11F03,GTAGCAGCTA,CGAAGGACGA
F12F03,F12F03,CCTCAGCTCC,CGAAGGACGA
G01F03,G01F03,GTAGGATAAG,TTGAGTATCA
G02F03,G02F03,CGTCGAGCGC,TTGAGTATCA
G03F03,G03F03,ACTATTCATT,TTGAGTATCA
G04F03,G04F03,TTGCTTAGAT,TTGAGTATCA
G05F03,G05F03,CGAATGGAGC,TTGAGTATCA
G06F03,G06F03,CTATATAGCC,TTGAGTATCA
G07F03,G07F03,CTACTAATAA,TTGAGTATCA
G08F03,G08F03,TGGTTGCCGT,TTGAGTATCA
G09F03,G09F03,TCCTCTGCCG,TTGAGTATCA
G10F03,G10F03,GATTCTTGAA,TTGAGTATCA
G11F03,G11F03,GTAGCAGCTA,TTGAGTATCA
G12F03,G12F03,CCTCAGCTCC,TTGAGTATCA
H01F03,H01F03,GTAGGATAAG,TGAGGTAGAA
H02F03,H02F03,CGTCGAGCGC,TGAGGTAGAA
H03F03,H03F03,ACTATTCATT,TGAGGTAGAA
H04F03,H04F03,TTGCTTAGAT,TGAGGTAGAA
H05F03,H05F03,CGAATGGAGC,TGAGGTAGAA
H06F03,H06F03,CTATATAGCC,TGAGGTAGAA
H07F03,H07F03,CTACTAATAA,TGAGGTAGAA
H08F03,H08F03,TGGTTGCCGT,TGAGGTAGAA
H09F03,H09F03,TCCTCTGCCG,TGAGGTAGAA
H10F03,H10F03,GATTCTTGAA,TGAGGTAGAA
H11F03,H11F03,GTAGCAGCTA,TGAGGTAGAA
H12F03,H12F03,CCTCAGCTCC,TGAGGTAGAA
A01F04,A01F04,GTAGGATAAG,GTTCCGACGA
A02F04,A02F04,CGTCGAGCGC,GTTCCGACGA
A03F04,A03F04,ACTATTCATT,GTTCCGACGA
A04F04,A04F04,TTGCTTAGAT,GTTCCGACGA
A05F04,A05F04,CGAATGGAGC,GTTCCGACGA
A06F04,A06F04,CTATATAGCC,GTTCCGACGA
A07F04,A07F04,CTACTAATAA,GTTCCGACGA
A08F04,A08F04,TGGTTGCCGT,GTTCCGACGA
A09F04,A09F04,TCCTCTGCCG,GTTCCGACGA
A10F04,A10F04,GATTCTTGAA,GTTCCGACGA
A11F04,A11F04,GTAGCAGCTA,GTTCCGACGA
A12F04,A12F04,CCTCAGCTCC,GTTCCGACGA
B01F04,B01F04,GTAGGATAAG,TCATCTCGAT
B02F04,B02F04,CGTCGAGCGC,TCATCTCGAT
B03F04,B03F04,ACTATTCATT,TCATCTCGAT
B04F04,B04F04,TTGCTTAGAT,TCATCTCGAT
B05F04,B05F04,CGAATGGAGC,TCATCTCGAT
B06F04,B06F04,CTATATAGCC,TCATCTCGAT
B07F04,B07F04,CTACTAATAA,TCATCTCGAT
B08F04,B08F04,TGGTTGCCGT,TCATCTCGAT
B09F04,B09F04,TCCTCTGCCG,TCATCTCGAT
B10F04,B10F04,GATTCTTGAA,TCATCTCGAT
B11F04,B11F04,GTAGCAGCTA,TCATCTCGAT
B12F04,B12F04,CCTCAGCTCC,TCATCTCGAT
C01F04,C01F04,GTAGGATAAG,GACTAGTCTA
C02F04,C02F04,CGTCGAGCGC,GACTAGTCTA
C03F04,C03F04,ACTATTCATT,GACTAGTCTA
C04F04,C04F04,TTGCTTAGAT,GACTAGTCTA
C05F04,C05F04,CGAATGGAGC,GACTAGTCTA
C06F04,C06F04,CTATATAGCC,GACTAGTCTA
C07F04,C07F04,CTACTAATAA,GACTAGTCTA
C08F04,C08F04,TGGTTGCCGT,GACTAGTCTA
C09F04,C09F04,TCCTCTGCCG,GACTAGTCTA
C10F04,C10F04,GATTCTTGAA,GACTAGTCTA
C11F04,C11F04,GTAGCAGCTA,GACTAGTCTA
C12F04,C12F04,CCTCAGCTCC,GACTAGTCTA
D01F04,D01F04,GTAGGATAAG,CTGCTTCGAC
D02F04,D02F04,CGTCGAGCGC,CTGCTTCGAC
D03F04,D03F04,ACTATTCATT,CTGCTTCGAC
D04F04,D04F04,TTGCTTAGAT,CTGCTTCGAC
D05F04,D05F04,CGAATGGAGC,CTGCTTCGAC
D06F04,D06F04,CTATATAGCC,CTGCTTCGAC
D07F04,D07F04,CTACTAATAA,CTGCTTCGAC
D08F04,D08F04,TGGTTGCCGT,CTGCTTCGAC
D09F04,D09F04,TCCTCTGCCG,CTGCTTCGAC
D10F04,D10F04,GATTCTTGAA,CTGCTTCGAC
D11F04,D11F04,GTAGCAGCTA,CTGCTTCGAC
D12F04,D12F04,CCTCAGCTCC,CTGCTTCGAC
E01F04,E01F04,GTAGGATAAG,CCTAGCGCCT
E02F04,E02F04,CGTCGAGCGC,CCTAGCGCCT
E03F04,E03F04,ACTATTCATT,CCTAGCGCCT
E04F04,E04F04,TTGCTTAGAT,CCTAGCGCCT
E05F04,E05F04,CGAATGGAGC,CCTAGCGCCT
E06F04,E06F04,CTATATAGCC,CCTAGCGCCT
E07F04,E07F04,CTACTAATAA,CCTAGCGCCT
E08F04,E08F04,TGGTTGCCGT,CCTAGCGCCT
E09F04,E09F04,TCCTCTGCCG,CCTAGCGCCT
E10F04,E10F04,GATTCTTGAA,CCTAGCGCCT
E11F04,E11F04,GTAGCAGCTA,CCTAGCGCCT
E12F04,E12F04,CCTCAGCTCC,CCTAGCGCCT
F01F04,F01F04,GTAGGATAAG,AGTTGCATCT
F02F04,F02F04,CGTCGAGCGC,AGTTGCATCT
F03F04,F03F04,ACTATTCATT,AGTTGCATCT
F04F04,F04F04,TTGCTTAGAT,AGTTGCATCT
F05F04,F05F04,CGAATGGAGC,AGTTGCATCT
F06F04,F06F04,CTATATAGCC,AGTTGCATCT
F07F04,F07F04,CTACTAATAA,AGTTGCATCT
F08F04,F08F04,TGGTTGCCGT,AGTTGCATCT
F09F04,F09F04,TCCTCTGCCG,AGTTGCATCT
F10F04,F10F04,GATTCTTGAA,AGTTGCATCT
F11F04,F11F04,GTAGCAGCTA,AGTTGCATCT
F12F04,F12F04,CCTCAGCTCC,AGTTGCATCT
G01F04,G01F04,GTAGGATAAG,TCGTAGGCTT
G02F04,G02F04,CGTCGAGCGC,TCGTAGGCTT
G03F04,G03F04,ACTATTCATT,TCGTAGGCTT
G04F04,G04F04,TTGCTTAGAT,TCGTAGGCTT
G05F04,G05F04,CGAATGGAGC,TCGTAGGCTT
G06F04,G06F04,CTATATAGCC,TCGTAGGCTT
G07F04,G07F04,CTACTAATAA,TCGTAGGCTT
G08F04,G08F04,TGGTTGCCGT,TCGTAGGCTT
G09F04,G09F04,TCCTCTGCCG,TCGTAGGCTT
G10F04,G10F04,GATTCTTGAA,TCGTAGGCTT
G11F04,G11F04,GTAGCAGCTA,TCGTAGGCTT
G12F04,G12F04,CCTCAGCTCC,TCGTAGGCTT
H01F04,H01F04,GTAGGATAAG,AATTGCCTAC
H02F04,H02F04,CGTCGAGCGC,AATTGCCTAC
H03F04,H03F04,ACTATTCATT,AATTGCCTAC
H04F04,H04F04,TTGCTTAGAT,AATTGCCTAC
H05F04,H05F04,CGAATGGAGC,AATTGCCTAC
H06F04,H06F04,CTATATAGCC,AATTGCCTAC
H07F04,H07F04,CTACTAATAA,AATTGCCTAC
H08F04,H08F04,TGGTTGCCGT,AATTGCCTAC
H09F04,H09F04,TCCTCTGCCG,AATTGCCTAC
H10F04,H10F04,GATTCTTGAA,AATTGCCTAC
H11F04,H11F04,GTAGCAGCTA,AATTGCCTAC
H12F04,H12F04,CCTCAGCTCC,AATTGCCTAC
A01F05,A01F05,GTAGGATAAG,CGCCGCCTCC
A02F05,A02F05,CGTCGAGCGC,CGCCGCCTCC
A03F05,A03F05,ACTATTCATT,CGCCGCCTCC
A04F05,A04F05,TTGCTTAGAT,CGCCGCCTCC
A05F05,A05F05,CGAATGGAGC,CGCCGCCTCC
A06F05,A06F05,CTATATAGCC,CGCCGCCTCC
A07F05,A07F05,CTACTAATAA,CGCCGCCTCC
A08F05,A08F05,TGGTTGCCGT,CGCCGCCTCC
A09F05,A09F05,TCCTCTGCCG,CGCCGCCTCC
A10F05,A10F05,GATTCTTGAA,CGCCGCCTCC
A11F05,A11F05,GTAGCAGCTA,CGCCGCCTCC
A12F05,A12F05,CCTCAGCTCC,CGCCGCCTCC
B01F05,B01F05,GTAGGATAAG,CAAGTACTGG
B02F05,B02F05,CGTCGAGCGC,CAAGTACTGG
B03F05,B03F05,ACTATTCATT,CAAGTACTGG
B04F05,B04F05,TTGCTTAGAT,CAAGTACTGG
B05F05,B05F05,CGAATGGAGC,CAAGTACTGG
B06F05,B06F05,CTATATAGCC,CAAGTACTGG
B07F05,B07F05,CTACTAATAA,CAAGTACTGG
B08F05,B08F05,TGGTTGCCGT,CAAGTACTGG
B09F05,B09F05,TCCTCTGCCG,CAAGTACTGG
B10F05,B10F05,GATTCTTGAA,CAAGTACTGG
B11F05,B11F05,GTAGCAGCTA,CAAGTACTGG
B12F05,B12F05,CCTCAGCTCC,CAAGTACTGG
C01F05,C01F05,GTAGGATAAG,CGGCGAGACC
C02F05,C02F05,CGTCGAGCGC,CGGCGAGACC
C03F05,C03F05,ACTATTCATT,CGGCGAGACC
C04F05,C04F05,TTGCTTAGAT,CGGCGAGACC
C05F05,C05F05,CGAATGGAGC,CGGCGAGACC
C06F05,C06F05,CTATATAGCC,CGGCGAGACC
C07F05,C07F05,CTACTAATAA,CGGCGAGACC
C08F05,C08F05,TGGTTGCCGT,CGGCGAGACC
C09F05,C09F05,TCCTCTGCCG,CGGCGAGACC
C10F05,C10F05,GATTCTTGAA,CGGCGAGACC
C11F05,C11F05,GTAGCAGCTA,CGGCGAGACC
C12F05,C12F05,CCTCAGCTCC,CGGCGAGACC
D01F05,D01F05,GTAGGATAAG,GACCTCCGCC
D02F05,D02F05,CGTCGAGCGC,GACCTCCGCC
D03F05,D03F05,ACTATTCATT,GACCTCCGCC
D04F05,D04F05,TTGCTTAGAT,GACCTCCGCC
D05F05,D05F05,CGAATGGAGC,GACCTCCGCC
D06F05,D06F05,CTATATAGCC,GACCTCCGCC
D07F05,D07F05,CTACTAATAA,GACCTCCGCC
D08F05,D08F05,TGGTTGCCGT,GACCTCCGCC
D09F05,D09F05,TCCTCTGCCG,GACCTCCGCC
D10F05,D10F05,GATTCTTGAA,GACCTCCGCC
D11F05,D11F05,GTAGCAGCTA,GACCTCCGCC
D12F05,D12F05,CCTCAGCTCC,GACCTCCGCC
E01F05,E01F05,GTAGGATAAG,TCTAGAACTA
E02F05,E02F05,CGTCGAGCGC,TCTAGAACTA
E03F05,E03F05,ACTATTCATT,TCTAGAACTA
E04F05,E04F05,TTGCTTAGAT,TCTAGAACTA
E05F05,E05F05,CGAATGGAGC,TCTAGAACTA
E06F05,E06F05,CTATATAGCC,TCTAGAACTA
E07F05,E07F05,CTACTAATAA,TCTAGAACTA
E08F05,E08F05,TGGTTGCCGT,TCTAGAACTA
E09F05,E09F05,TCCTCTGCCG,TCTAGAACTA
E10F05,E10F05,GATTCTTGAA,TCTAGAACTA
E11F05,E11F05,GTAGCAGCTA,TCTAGAACTA
E12F05,E12F05,CCTCAGCTCC,TCTAGAACTA
F01F05,F01F05,GTAGGATAAG,CTAACTCCAA
F02F05,F02F05,CGTCGAGCGC,CTAACTCCAA
F03F05,F03F05,ACTATTCATT,CTAACTCCAA
F04F05,F04F05,TTGCTTAGAT,CTAACTCCAA
F05F05,F05F05,CGAATGGAGC,CTAACTCCAA
F06F05,F06F05,CTATATAGCC,CTAACTCCAA
F07F05,F07F05,CTACTAATAA,CTAACTCCAA
F08F05,F08F05,TGGTTGCCGT,CTAACTCCAA
F09F05,F09F05,TCCTCTGCCG,CTAACTCCAA
F10F05,F10F05,GATTCTTGAA,CTAACTCCAA
F11F05,F11F05,GTAGCAGCTA,CTAACTCCAA
F12F05,F12F05,CCTCAGCTCC,CTAACTCCAA
G01F05,G01F05,GTAGGATAAG,ACCAAGATCT
G02F05,G02F05,CGTCGAGCGC,ACCAAGATCT
G03F05,G03F05,ACTATTCATT,ACCAAGATCT
G04F05,G04F05,TTGCTTAGAT,ACCAAGATCT
G05F05,G05F05,CGAATGGAGC,ACCAAGATCT
G06F05,G06F05,CTATATAGCC,ACCAAGATCT
G07F05,G07F05,CTACTAATAA,ACCAAGATCT
G08F05,G08F05,TGGTTGCCGT,ACCAAGATCT
G09F05,G09F05,TCCTCTGCCG,ACCAAGATCT
G10F05,G10F05,GATTCTTGAA,ACCAAGATCT
G11F05,G11F05,GTAGCAGCTA,ACCAAGATCT
G12F05,G12F05,CCTCAGCTCC,ACCAAGATCT
H01F05,H01F05,GTAGGATAAG,CGATCATTAC
H02F05,H02F05,CGTCGAGCGC,CGATCATTAC
H03F05,H03F05,ACTATTCATT,CGATCATTAC
H04F05,H04F05,TTGCTTAGAT,CGATCATTAC
H05F05,H05F05,CGAATGGAGC,CGATCATTAC
H06F05,H06F05,CTATATAGCC,CGATCATTAC
H07F05,H07F05,CTACTAATAA,CGATCATTAC
H08F05,H08F05,TGGTTGCCGT,CGATCATTAC
H09F05,H09F05,TCCTCTGCCG,CGATCATTAC
H10F05,H10F05,GATTCTTGAA,CGATCATTAC
H11F05,H11F05,GTAGCAGCTA,CGATCATTAC
H12F05,H12F05,CCTCAGCTCC,CGATCATTAC